Lead__ppm,Long,Lat
455,-75.1157342,39.9766456
867,-75.1158629,39.976662
315,-75.1155922,39.9766349
705,-75.1158415,39.976736
176,-75.1167,39.9806
183,-75.1169,39.9802
161,-75.1165,39.9777
227,-75.1166,39.9792
92,-75.1161,39.9796
168,-75.130478,39.970949
102,-75.130438,39.970869
56,-75.130379,39.970892
1760,-75.1264,39.9725
1966,-75.1264,39.9725
821,-75.1265,39.9725
1052,-75.1265,39.9725
137,-75.1276,39.9718
147,-75.1276,39.9719
69,-75.1278,39.9718
94,-75.128,39.9717
517,-75.123037,39.98173
543,-75.123103,39.981703
98,-75.126676,39.978853
179,-75.126638,39.978864
458,-75.130023,39.971182
541,-75.130003,39.971148
70,-75.111,39.9787
109,-75.1109,39.9798
68,-75.1109,39.9804
46,-75.1122,39.98
76,-75.1123,39.979
93,-75.1122,39.979
65,-75.1124,39.9791
217,-75.1122,39.979
258,-75.112,39.9788
47,-75.1102,39.979
690,-75.1103,39.9798
429,-75.1103,39.9797
184,-75.1105,39.9799
238,-75.1106,39.9798
228,-75.1106,39.9798
127,-75.1107,39.9798
123,-75.1107,39.9797
103,-75.1108,39.9797
103,-75.1121,39.979
149,-75.1098,39.9793
160,-75.1096,39.9795
29,-75.1081,39.9793
25,-75.1082,39.9795
458,-75.1084,39.9797
468,-75.1085,39.9796
558,-75.1085,39.9796
389,-75.1084,39.9795
0,-75.1065,39.9815
34,-75.1066,39.9813
255,-75.1073,39.9822
40,-75.1074,39.9822
218,-75.1085,39.9825
296,-75.1087,39.9824
111,-75.109,39.9823
114,-75.1092,39.9825
94,-75.1087,39.9828
331,-75.1108,39.9804
654,-75.1146,39.9823
305,-75.1145,39.9825
460,-75.1221,39.9771
514,-75.112,39.9772
857,-75.122,39.9772
330,-75.1221,39.9772
807,-75.1219,39.9772
268,-75.124,39.9725
686,-75.1191,39.9742
2332,-75.1189,39.9743
657,-75.1187,39.9745
547,-75.1185,39.9746
272,-75.1183,39.9746
137,-75.1181,39.9747
0,-75.1179,39.9748
281,-75.1175,39.975
308,-75.1173,39.9747
608,-75.1214,39.9767
126,-75.1251,39.9766
485,-75.1245,39.9762
545,-75.1246,39.9762
141,-75.1236,39.975
374,-75.1236,39.975
1042,-75.1232,39.9737
532,-75.129357,39.968956
323,-75.129334,39.968916
74,-75.130423,39.970918
137,-75.130416,39.970969
346,-75.129763,39.971353
340,-75.129752,39.971375
353,-75.129768,39.971398
91,-75.1307,39.9711
226,-75.1296,39.9715
79,-75.1311,39.9716
234,-75.131387,39.969328
570,-75.131437,39.969315
226,-75.1314,39.9697
54,-75.1299,39.9689
23,-75.1278,39.9716
99,-75.1284,39.9715
256,-75.1301,39.9695
159,-75.1295,39.9685
312,-75.1263,39.9704
383,-75.1258,39.9705
350,-75.1253,39.9707
758,-75.12,39.9784
268,-75.1205,39.9779
1240,-75.1204,39.978
689,-75.1204,39.978
651,-75.1202,39.9781
49,-75.1203,39.9781
710,-75.1203,39.9781
878,-75.1202,39.9781
67,-75.1201,39.9782
299,-75.112,39.9788
408,-75.1119,39.9786
106,-75.1117,39.9784
73,-75.1112,39.9786
310,-75.112,39.9796
243,-75.1139,39.9818
121,-75.111,39.9796
295,-75.1111,39.9794
87,-75.1111,39.9803
101,-75.111,39.9805
209,-75.1114,39.9803
174,-75.1125,39.9801
61,-75.1124,39.9804
100,-75.1128,39.9807
68,-75.1109,39.9782
52,-75.1108,39.978
72,-75.111,39.9784
450,-75.1138,39.9807
439,-75.1134,39.9804
42,-75.1134,39.9803
807,-75.1132,39.9801
477,-75.1132,39.98
263,-75.113,39.9837
452,-75.1131,39.9837
96,-75.1132,39.9839
41,-75.1132,39.9842
80,-75.113,39.9842
237,-75.1127,39.9843
260,-75.1125,39.9845
150,-75.1123,39.9846
233,-75.1121,39.9847
165,-75.1119,39.9848
172,-75.1116,39.9849
442,-75.1114,39.985
306,-75.1112,39.9851
330,-75.1083,39.9794
142,-75.1108,39.9804
145,-75.1093,39.9792
51,-75.1095,39.9791
146,-75.1096,39.979
273,-75.1098,39.979
127,-75.1099,39.9789
103,-75.11,39.9788
141,-75.1101,39.9788
365,-75.1104,39.9787
200,-75.1105,39.9786
54,-75.1106,39.9783
213,-75.1098,39.9784
141,-75.1094,39.9785
273,-75.1144,39.9828
448,-75.1129,39.9836
322,-75.1127,39.9838
319,-75.1125,39.9839
229,-75.1121,39.9839
139,-75.112,39.9838
265,-75.1118,39.9835
97,-75.112,39.9834
86,-75.1121,39.9834
106,-75.1123,39.9832
1322,-75.1098,39.9832
839,-75.1097,39.983
42,-75.1106,39.9842
187,-75.1107,39.984
98,-75.111,39.9838
197,-75.1113,39.9837
0,-75.1117,39.9838
111,-75.1115,39.9843
206,-75.1107,39.9843
201,-75.1108,39.9845
72,-75.111,39.9848
54,-75.1113,39.9848
74,-75.112,39.9843
113,-75.1124,39.984
81,-75.1123,39.9841
169,-75.1116,39.9835
20,-75.1109,39.9826
95,-75.1088,39.98
290,-75.1117,39.9782
328,-75.1123,39.9776
469,-75.1124,39.9776
37,-75.1125,39.9775
141,-75.1126,39.9775
172,-75.1127,39.9775
435,-75.1128,39.9774
564,-75.1133,39.9772
415,-75.1138,39.9768
198,-75.1141,39.9767
1027,-75.1144,39.9767
221,-75.1146,39.9765
522,-75.1151,39.9762
324,-75.1158,39.9759
74,-75.1115,39.9785
46,-75.1115,39.9785
207,-75.125,39.9757
42,-75.1251,39.9756
50,-75.1248,39.9754
99,-75.1238,39.9748
67,-75.1231,39.9745
223,-75.1241,39.9738
1513,-75.124,39.9737
92,-75.1239,39.9735
171,-75.1232,39.9737
44,-75.1221,39.9768
0,-75.112,39.9767
370,-75.1217,39.9768
325,-75.1217,39.9769
89,-75.1221,39.9769
323,-75.1216,39.977
600,-75.1214,39.9769
334,-75.121,39.9766
64,-75.1203,39.9767
84,-75.1204,39.9765
166,-75.1205,39.9762
353,-75.1251,39.973
292,-75.1251,39.973
383,-75.123,39.9738
338,-75.1229,39.9738
225,-75.1143,39.9765
280,-75.1222,39.9744
466,-75.1234,39.9752
79,-75.1241,39.9757
64,-75.1245,39.9759
449,-75.1235,39.9745
182,-75.1259,39.9774
131,-75.1255,39.9777
461,-75.12,39.9775
736,-75.1192,39.9794
118,-75.1191,39.9792
25,-75.1193,39.9789
645,-75.1197,39.9783
3226,-75.1199,39.9783
1900,-75.1201,39.9782
466,-75.1203,39.9782
105,-75.1173,39.9754
171,-75.1178,39.9751
330,-75.1185,39.9751
125,-75.1178,39.9756
215,-75.118,39.9762
995,-75.1185,39.9766
37,-75.1186,39.9767
790,-75.119,39.9762
188,-75.1191,39.9757
239,-75.1188,39.9752
351,-75.1188,39.9751
249,-75.1188,39.9749
341,-75.1205,39.9736
278,-75.1206,39.9735
274,-75.1207,39.9735
319,-75.1208,39.9735
1101,-75.121,39.9735
334,-75.1211,39.9734
818,-75.1212,39.9734
286,-75.1215,39.9734
250,-75.1216,39.9734
296,-75.1216,39.9737
403,-75.1216,39.9743
390,-75.1216,39.9744
437,-75.1215,39.9746
212,-75.1214,39.9747
1138,-75.1218,39.976
291,-75.1217,39.976
161,-75.1216,39.976
327,-75.1215,39.9762
235,-75.1215,39.9762
489,-75.1215,39.9763
1186,-75.1216,39.9763
22,-75.1224,39.9767
150,-75.1206,39.9761
224,-75.1206,39.976
180,-75.1207,39.9759
83,-75.1207,39.9758
82,-75.1203,39.9767
98,-75.1202,39.9767
66,-75.119,39.9797
142,-75.119,39.9794
20,-75.1189,39.9795
64,-75.1187,39.9794
180,-75.1185,39.9793
147,-75.1185,39.9795
304,-75.1183,39.9797
325,-75.1182,39.9799
170,-75.118,39.9804
167,-75.1179,39.9806
211,-75.1178,39.9808
873,-75.1177,39.981
777,-75.1176,39.9813
270,-75.1177,39.9816
216,-75.1179,39.9817
242,-75.1182,39.9811
220,-75.1184,39.9811
249,-75.1191,39.9806
97,-75.1193,39.9805
25,-75.1192,39.9804
465,-75.1292,39.9691
319,-75.1315,39.9694
175,-75.1315,39.9696
84,-75.1312,39.9698
275,-75.1295,39.9686
386,-75.1276,39.9694
660,-75.12954,39.968764
612,-75.12948,39.968781
801,-75.129397,39.968803
642,-75.12926,39.968815
425,-75.127,39.9695
147,-75.1272,39.97
497,-75.1301,39.9708
83,-75.1307,39.9711
173,-75.1303,39.9712
203,-75.13,39.9713
617,-75.129606,39.971945
867,-75.129564,39.971866
522,-75.129498,39.971928
312,-75.129409,39.971955
427,-75.12943,39.971996
62,-75.1106,39.9803
33,-75.209587,39.949023
171,-75.209201,39.94903
130,-75.210395,39.948781
134,-75.209921,39.947623
378,-75.209781,39.947119
168,-75.209359,39.947872
321,-75.209816,39.947758
191,-75.209631,39.947469
232,-75.209105,39.947099
269.3333333,-75.210053,39.94691
76,-75.217044,39.942399
109,-75.217044,39.942366
45,-75.217148,39.942105
150,-75.217258,39.942044
28,-75.217588,39.942194
20,-75.217767,39.942377
243,-75.218245,39.942874
131,-75.216637,39.943267
277,-75.210094,39.942395
187.6666667,-75.209743,39.941969
274,-75.210188,39.941978
212,-75.210859,39.942002
177,-75.209951,39.941491
30,-75.1499,39.996843
67,-75.149757,39.996913
19,-75.149249,39.996756
59,-75.148962,39.996756
147,-75.151884,39.985948
196,-75.151739,39.985997
32,-75.151548,39.986163
138,-75.151637,39.986258
201,-75.152111,39.986384
134,-75.10008,40.046632
104,-75.100509,40.046236
79,-75.100909,40.045982
68,-75.100904,40.045736
75,-75.101195,40.045929
117,-75.102232,40.046609
112,-75.103093,40.047165
51,-75.102355,40.047465
16,-75.101705,40.047615
68.33333333,-75.101245,40.047381
84,-75.198013,39.960359
1072,-75.198388,39.960662
55,-75.198989,39.960539
49,-75.199124,39.960332
102,-75.199047,39.959698
320,-75.198731,39.959533
68,-75.198792,39.959738
114,-75.199082,39.959694
541,-75.199539,39.959957
92,-75.198776,39.959914
100,-75.198834,39.960045
48,-75.198817,39.959965
128,-75.178896,39.955448
89.33333333,-75.17384,39.954967
208,-75.17384,39.938083
144,-75.198074,39.94181
60,-75.198153,39.942388
106,-75.198721,39.942512
49,-75.199636,39.942824
143,-75.199654,39.942793
75,-75.203514,39.942059
173,-75.202069,39.942993
82,-75.204277,39.9409
198,-75.203436,39.948599
70,-75.204392,39.948218
228,-75.205394,39.947167
542,-75.204847,39.94612
249,-75.204451,39.945205
158,-75.202259,39.944791
211,-75.200466,39.945517
139,-75.200296,39.946686
32,-75.200663,39.947444
140.6666667,-75.201634,39.94911
78,-75.197493,39.959948
231,-75.198264,39.959518
143,-75.161727,40.006293
146,-75.161832,40.006173
71,-75.161056,40.006521
84,-75.161647,40.007416
216,-75.162039,40.007801
1513,-75.161672,40.008017
289,-75.161743,40.008093
84,-75.1623,40.008028
621,-75.165393,40.006442
36,-75.165733,40.002164
89,-75.165641,40.001849
195,-75.167542,39.994094
66,-75.167354,39.99373
147,-75.167354,39.99373
702,-75.117759,39.977291
128,-75.117815,39.977216
1083,-75.119333,39.977115
3029,-75.119429,39.976857
10,-75.118299,39.980853
81,-75.118385,39.980843
119,-75.118557,39.980425
154,-75.118807,39.979718
19,-75.119316,39.980709
817,-75.118705,39.980926
99,-75.128025,39.966462
218,-75.1279,39.966604
237,-75.128231,39.966757
60.66666667,-75.128253,39.966279
118,-75.128501,39.966043
226,-75.128746,39.96596
142,-75.129878,39.96601
158.3333333,-75.129293,39.966285
191,-75.137052,39.967069
106,-75.1782,39.978229
50,-75.178553,39.97806
98,-75.178666,39.97812
104,-75.178619,39.978135
52,-75.179075,39.977884
32,-75.178835,39.977319
176,-75.178656,39.977621
179,-75.179694,39.977431
132,-75.179969,39.97755
254,-75.179685,39.978183
60,-75.187534,39.977016
107,-75.187906,39.976847
54,-75.187813,39.977165
107,-75.187872,39.977132
84,-75.120128,39.978265
914,-75.12017,39.978248
54,-75.118302,39.976812
34,-75.118576,39.976689
162,-75.151044,39.966342
178,-75.151382,39.966474
233,-75.151274,39.966442
155,-75.15132,39.966552
475.3333333,-75.151434,39.966397
212.6666667,-75.151423,39.966426
165.3333333,-75.151307,39.966348
237,-75.151222,39.966062
116,-75.149957,39.968959
86,-75.038618,40.024122
139,-75.1744,40.0709
129,-75.149178,40.033533
221,-75.1487,40.0555
961,-75.173426,40.062752
61,-75.103257,40.050089
406,-75.154758,40.067199
1866,-75.1743,40.071
142,-75.10565,40.04264
505,-75.15199,40.06877
96,-75.1566,40.0518
1869,-75.1728,40.0463
277,-75.10595,40.04264
189,-75.10595,40.0426
291,-75.1529,40.0619
67,-75.1799,40.0721
113,-75.174685,40.070869
175,-75.210114,39.9537
153,-75.10595,40.04264
280,-75.15265,40.070047
1917,-75.134114,40.031531
72,-75.16966,40.056497
970,-75.0864,40.033
510,-75.1668,40.021
106,-75.171,40.0721
290,-75.166201,40.067372
214,-75.164331,40.032572
307,-75.1541,40.0417
61,-75.098894,40.053315
218,-75.10595,40.04264
150,-75.147626,40.048441
661,-75.1789,40.0678
125,-75.1033,40.0105
60,-75.142233,40.025203
116,-75.17126,40.02573
4685,-75.202013,40.065078
50,-75.1809,40.0719
158,-75.179299,39.975178
109,-75.1719,40.0595
345,-75.20841,40.024226
155,-75.149098,40.038983
221,-75.124613,39.988841
89,-75.184923,40.024481
77,-75.123768,39.988063
361,-75.12522,39.989426
263,-75.087061,40.019944
115,-75.1662,40.0689
140,-75.07055,40.001988
561,-75.20841,40.044226
1197,-75.208411,40.044226
707,-75.089153,40.017289
206,-75.172526,39.923839
277,-75.20841,40.044226
100,-75.128964,40.052693
297,-75.1752,40.0528
456,-75.20841,40.044226
104,-75.087872,40.017361
289,-75.110569,39.983831
18064,-75.188096,39.992074
15069,-75.188096,39.992074
14988,-75.188096,39.992074
11241,-75.188096,39.992074
9883,-75.129705,39.97323
7700,-75.12769,39.9751
7665,-75.188096,39.992074
7373,-75.069986,40.039007
7015,-75.188096,39.992074
5341,-75.220965,39.949689
4805,-75.129822,39.977514
4507,-75.069986,40.039007
4448,-75.21226,39.946495
4422,-75.126722,39.986154
4312,-75.203451,39.969468
3600,-75.134144,40.052596
3573,-75.13254,39.971178
3425,-75.126132,39.970467
3392,-75.21226,39.946495
3208,-75.126132,39.970467
3200,-75.176088,39.964306
3100,-75.19126,39.962151
3018,-75.117213,39.978477
2904,-75.117204,39.977289
2900,-75.194299,39.961823
2774,-75.121004,39.977739
2765,-75.117213,39.978477
2763,-75.116714,39.97674
2744,-75.220965,39.949689
2500,-75.191297,40.058053
2500,-75.119002,39.975619
2400,-75.187377,39.98138
2400,-75.122156,39.981853
2357,-75.120946,39.978667
2354,-75.120502,39.978151
2323,-75.091047,40.016392
2300,-75.167316,39.935466
2300,-75.128535,39.982398
2279,-75.16218,39.95222
2278,-75.117213,39.978477
2200,-75.175336,39.990301
2200,-75.213338,40.021446
2144,-75.121004,39.977739
2141,-75.16218,39.95222
2109,-75.16218,39.95222
2100,-75.13253,39.971104
2051,-75.155004,39.92292
2006,-75.188096,39.992074
2000,-75.178675,39.978625
1982,-75.12817,39.982059
1900,-75.146769,39.963236
1900,-75.206321,40.077563
1819,-75.116502,39.977658
1808,-75.12817,39.982059
1800,-75.192921,39.961967
1800,-75.116576,39.976844
1800,-75.219193,40.029975
1783,-75.122451,39.979404
1718,-75.123827,39.980924
1713,-75.217581,39.94502
1701,-75.13254,39.971178
1700,-75.146769,39.963236
1700,-75.131871,39.969889
1691,-75.125336,39.970764
1647,-75.210631,39.962504
1632,-75.130497,39.976317
1600,-75.212003,39.954006
1600,-75.145887,39.966827
1600,-75.13253,39.971104
1593,-75.123827,39.980924
1536,-75.188096,39.992074
1523,-75.188513,40.035
1500,-75.148443,39.944961
1500,-75.123827,39.980924
1499,-75.130497,39.976317
1493,-75.223118,39.947626
1478,-75.117861,39.979215
1468,-75.117913,39.978193
1460,-75.223118,39.947626
1448,-75.165017,40.025799
1445,-75.12327,39.98034
1442,-75.157836,40.00221
1439,-75.163441,39.951526
1400,-75.155904,39.962867
1400,-75.142914,39.971132
1400,-75.133132,39.974614
1400,-75.129456,39.978148
1400,-75.127361,39.979062
1400,-75.12242,39.979498
1372,-75.117861,39.979215
1371,-75.116281,39.977406
1364,-75.143089,40.006805
1349,-75.135031,40.050934
1339,-75.188096,39.992074
1323,-75.163441,39.951526
1322,-75.210631,39.962504
1321,-75.132653,39.975372
1318,-75.163441,39.951526
1313,-75.12817,39.982059
1312,-75.210631,39.962504
1300,-75.14802,39.95363
1300,-75.180145,40.039117
1300,-75.140905,39.984548
1285,-75.120946,39.978667
1284,-75.169965,39.992759
1280,-75.121004,39.977739
1278,-75.089623,39.989088
1275,-75.122451,39.979404
1269,-75.198425,40.044915
1260,-75.13173,39.96972
1247,-75.117913,39.978193
1235,-75.116502,39.977658
1221,-75.220229,39.964742
1205,-75.125542,39.986775
1204,-75.117213,39.978477
1200,-75.171946,39.929584
1200,-75.152844,39.962321
1200,-75.136114,39.965775
1200,-75.142914,39.971132
1200,-75.144726,39.975525
1200,-75.127481,39.97221
1197,-75.116281,39.977406
1196,-75.127333,39.983085
1187,-75.22094,39.954582
1162,-75.157968,39.986424
1133,-75.222063,39.954078
1129,-75.122451,39.979404
1116,-75.120374,39.978955
1112,-75.187977,40.052019
1109,-75.120374,39.978955
1108,-75.069986,40.039007
1107,-75.13173,39.96972
1104,-75.132193,39.976146
1100,-75.188096,39.992074
1100,-75.166863,39.92768
1100,-75.174382,39.964705
1100,-75.141061,39.962843
1100,-75.12769,39.9751
1100,-75.12242,39.979498
1100,-75.123827,39.980924
1100,-75.127901,39.969856
1100,-75.125451,39.970919
1100,-75.116576,39.976844
1100,-75.143231,39.984654
1100,-75.147154,39.988197
1098,-75.230712,39.950882
1097,-75.117861,39.979215
1095,-75.16218,39.95222
1093,-75.069986,40.039007
1092,-75.126704,39.973221
1087,-75.129835,39.969045
1072,-75.116502,39.977658
1071,-75.132414,39.966849
1059,-75.13254,39.971178
1058,-75.217781,39.947135
1055,-75.165335,40.024051
1053,-75.165335,40.024051
1047,-75.123873,39.974724
1045,-75.120943,39.978756
1029,-75.176626,40.034086
1024,-75.212031,39.946245
1021,-75.124453,39.981663
1016,-75.116502,39.977658
1012,-75.16218,39.95222
1004,-75.212672,39.944778
1000,-75.145887,39.966827
1000,-75.146058,39.969437
1000,-75.131871,39.969889
1000,-75.124754,39.978301
1000,-75.132653,40.002072
1000,-75.129874,39.973171
1000,-75.10947,39.98812
992,-75.131852,39.977829
990,-75.202268,39.955626
990,-75.143464,40.005133
990,-75.127361,39.979062
990,-75.1415,39.96596
990,-75.1415,39.96596
988,-75.116151,39.976092
986,-75.120943,39.978756
979,-75.093273,39.993201
970,-75.132636,39.969446
970,-75.127361,39.979062
970,-75.131871,39.969889
960,-75.165613,39.95647
960,-75.12657,39.973235
959,-75.218738,39.950921
955,-75.117393,39.981555
954,-75.116502,39.977658
953,-75.16218,39.95222
947,-75.197552,40.049838
941,-75.202477,39.969512
940,-75.145887,39.966827
940,-75.127874,39.985498
940,-75.125527,39.986707
934,-75.167676,40.036023
934,-75.116034,39.977118
930,-75.129835,39.969045
924,-75.117861,39.979215
920,-75.219226,39.948732
920,-75.13253,39.971104
920,-75.124453,39.981663
915,-75.126132,39.970467
913,-75.130596,39.96756
907,-75.114232,39.99009
907,-75.217581,39.94502
903,-75.089623,39.989088
903,-75.194562,39.963653
902,-75.115732,39.976776
900,-75.145285,39.969345
899,-75.212031,39.946245
895,-75.16218,39.95222
891,-75.133823,39.974778
890,-75.211014,39.950784
882,-75.156277,40.008747
881,-75.098002,39.986928
880,-75.132636,39.969446
880,-75.124393,39.981555
880,-75.124393,39.981555
878,-75.132193,39.976146
870,-75.165764,39.987513
870,-75.167671,40.036014
870,-75.167671,40.036014
870,-75.130497,39.976317
869,-75.089623,39.989088
868,-75.12615,39.986451
867,-75.120943,39.978756
860,-75.154536,39.932346
860,-75.220155,40.02375
860,-75.12769,39.9751
850,-75.16218,39.95222
850,-75.092525,40.023388
850,-75.147899,39.963159
850,-75.123243,39.981357
842,-75.133823,39.974778
840,-75.089623,39.989088
840,-75.206338,39.958878
840,-75.143412,39.965417
840,-75.16218,39.95222
840,-75.089623,39.989088
839,-75.187977,40.052019
830,-75.131983,39.968259
820,-75.188096,39.992074
820,-75.148099,39.970852
814,-75.212631,39.951006
813,-75.129084,39.975039
810,-75.132563,39.98317
810,-75.148452,39.982077
810,-75.12769,39.9751
810,-75.110555,39.985643
810,-75.114678,39.989624
800,-75.171807,39.937446
800,-75.127901,39.969856
800,-75.117703,39.981906
798,-75.214387,40.024619
795,-75.188096,39.992074
794,-75.125034,39.981339
792,-75.220229,39.964742
790,-75.129084,39.975039
786,-75.16218,39.95222
784,-75.116502,39.977658
782,-75.119472,39.980547
780,-75.158197,39.959874
780,-75.172505,40.027949
778,-75.065376,40.001351
776,-75.129835,39.969045
769,-75.076376,39.995752
760,-75.207227,39.949708
760,-75.145338,39.964217
760,-75.138119,39.973595
756,-75.226392,39.97422
756,-75.125943,39.98799
750,-75.136114,39.965775
750,-75.119038,39.983387
748,-75.108503,39.97863
745,-75.16218,39.95222
744,-75.123873,39.981024
744,-75.096796,39.987576
743,-75.120946,39.978667
740,-75.221233,39.948951
740,-75.126192,39.983791
740,-75.206546,40.043014
740,-75.13907,39.9865
739,-75.114765,39.97854
738,-75.130497,39.976317
738,-75.116502,39.977658
736,-75.16218,39.95222
733,-75.117942,39.978099
732,-75.127333,39.971772
732,-75.116502,39.977658
730,-75.146518,39.964307
730,-75.122838,39.975014
726,-75.126222,39.983697
726,-75.133823,39.974778
725,-75.133823,39.974778
725,-75.123634,39.98457
717,-75.098002,39.986928
716,-75.130497,39.976317
716,-75.095473,39.987855
715,-75.188096,39.992074
713,-75.117703,39.981906
709,-75.124453,39.981663
709,-75.114218,39.986689
709,-75.133132,39.974614
707,-75.124463,39.979728
704,-75.12327,39.98034
701,-75.127307,39.985857
701,-75.219269,39.948485
700,-75.127901,39.969856
700,-75.125664,39.973633
698,-75.123827,39.980924
693,-75.132414,39.966849
692,-75.116844,39.977487
689,-75.125283,39.984664
688,-75.109146,39.995718
686,-75.098002,39.986928
683,-75.221025,39.945875
683,-75.208247,39.967014
680,-75.114765,39.97854
680,-75.143997,39.965817
680,-75.144094,39.96808
680,-75.124754,39.978301
680,-75.127874,39.985498
679,-75.121623,39.977496
679,-75.124453,39.981663
678,-75.126785,39.978513
677,-75.12615,39.986451
676,-75.12615,39.986451
674,-75.223118,39.947626
673,-75.179785,39.970287
672,-75.121889,39.977212
672,-75.252036,39.969568
671,-75.155004,39.92292
670,-75.13835,39.9623
670,-75.190568,40.033195
668,-75.096324,39.988809
668,-75.208247,39.967014
668,-75.116403,39.976389
667,-75.122424,39.979324
667,-75.13183,39.990253
664,-75.089623,39.989088
664,-75.133823,39.974778
660,-75.131983,39.971436
660,-75.205454,39.961332
655,-75.20634,40.018453
654,-75.130501,39.982779
652,-75.129822,39.977514
652,-75.117204,39.977289
650,-75.12769,39.9751
650,-75.09313,39.989146
644,-75.126753,39.98043
644,-75.109146,39.995718
640,-75.143997,39.965817
640,-75.131983,39.971436
640,-75.203717,40.074352
640,-75.127901,39.969856
638,-75.096324,39.988809
636,-75.126222,39.983697
633,-75.126722,39.986154
630,-75.134566,39.974334
630,-75.10945,39.982545
629,-75.125034,39.981339
629,-75.188096,39.992074
625,-75.131797,39.976803
624,-75.123873,39.981024
623,-75.129705,39.97323
623,-75.108775,39.987243
621,-75.133823,39.974778
620,-75.172173,39.943502
620,-75.119292,39.97962
620,-75.121237,39.979936
620,-75.145887,39.966827
620,-75.09313,39.989146
614,-75.222677,39.950648
614,-75.1725,40.028031
614,-75.141297,39.965391
613,-75.117393,39.981555
613,-75.127887,39.985542
612,-75.123873,39.974724
611,-75.108775,39.987243
610,-75.145991,39.964436
608,-75.212484,39.951763
606,-75.095473,39.987855
604,-75.143089,40.006805
602,-75.131797,39.976803
602,-75.126785,39.978513
600,-75.15365,39.920137
600,-75.12769,39.9751
600,-75.140034,39.972493
600,-75.108378,39.981835
600,-75.138445,39.981299
599,-75.22025,39.947266
598,-75.131285,39.983742
595,-75.092679,39.987513
594,-75.130497,39.976317
593,-75.123827,39.980924
591,-75.108775,39.987243
591,-75.133823,39.974778
590,-75.219081,39.948205
590,-75.127333,39.978234
590,-75.12769,39.9751
586,-75.133823,39.974778
586,-75.190568,40.033195
585,-75.131985,39.98332
583,-75.188513,40.035
580,-75.16972,39.919195
580,-75.145338,39.964217
580,-75.179785,39.970287
580,-75.131949,39.973076
579,-75.13188,39.969986
578,-75.133823,39.974778
577,-75.114765,39.97854
576,-75.122932,39.989623
574,-75.123226,39.982186
572,-75.12411,39.984114
571,-75.157836,40.00221
570,-75.12645,39.97027
570,-75.136217,39.975863
570,-75.123827,39.980924
570,-75.165335,40.024051
569,-75.222001,40.030847
561,-75.096324,39.988809
560,-75.208777,39.946749
560,-75.127572,39.974731
560,-75.127855,39.985636
560,-75.125411,39.974085
560,-75.145311,39.984017
550,-75.159627,39.934382
550,-75.154833,39.960162
550,-75.170062,39.943252
550,-75.126722,39.986154
548,-75.16218,39.95222
546,-75.16218,39.95222
546,-75.095973,39.984525
545,-75.230559,40.0671
543,-75.119522,39.976092
542,-75.113995,39.977667
542,-75.127333,39.978234
542,-75.229911,39.977101
540,-75.144956,39.966143
540,-75.131871,39.969889
540,-75.224698,40.025947
540,-75.13254,39.971187
540,-75.12769,39.9751
540,-75.092696,39.987539
539,-75.186382,39.991779
538,-75.222001,40.030847
537,-75.21226,39.946495
535,-75.123873,39.981024
535,-75.096796,39.987576
533,-75.212031,39.946245
531,-75.187977,40.052019
530,-75.141414,39.966467
530,-75.176476,39.970005
530,-75.131949,39.973076
530,-75.132431,39.973966
530,-75.149776,39.976197
530,-75.186439,40.056217
529,-75.108775,39.987243
528,-75.095973,39.984525
528,-75.123873,39.981024
527,-75.188096,39.992074
526,-75.16218,39.95222
526,-75.202477,39.969512
525,-75.125142,39.986289
524,-75.123873,39.981024
522,-75.206884,39.962484
521,-75.210106,39.940689
521,-75.21587,39.94745
521,-75.16218,39.95222
520,-75.160505,39.934474
520,-75.207025,39.946707
520,-75.130296,39.972038
520,-75.118233,39.978553
517,-75.109514,40.019676
517,-75.132414,39.966849
517,-75.123873,39.981024
510,-75.165833,39.925016
510,-75.179631,40.05702
510,-75.12242,39.979498
510,-75.128572,39.974742
506,-75.222001,40.030847
503,-75.129705,39.97323
502,-75.124481,39.980709
501,-75.229284,39.949175
500,-75.196938,39.996677
500,-75.134505,39.964791
497,-75.252036,39.969568
495,-75.130857,39.981287
494,-75.214055,39.945852
492,-75.19218,40.0145
491,-75.208247,39.967014
490,-75.143087,39.970091
490,-75.224698,40.025947
490,-75.132995,40.04989
490,-75.12242,39.979498
490,-75.12738,39.976831
490,-75.188096,39.992074
489,-75.109514,40.019676
488,-75.208709,39.971531
488,-75.208709,39.971531
486,-75.095982,39.988377
485,-75.109514,40.019676
484,-75.095982,39.988377
483,-75.129822,39.977514
481,-75.109514,40.019676
480,-75.095982,39.988377
480,-75.215103,40.028308
479,-75.188096,39.992074
479,-75.109514,40.019676
477,-75.16218,39.95222
476,-75.168284,40.029156
473,-75.16218,39.95222
473,-75.16218,39.95222
472,-75.221025,39.945875
471,-75.252036,39.969568
470,-75.221736,39.95522
470,-75.16218,39.95222
470,-75.145956,39.974188
470,-75.110456,39.98086
470,-75.130517,39.976408
466,-75.124481,39.980709
465,-75.095982,39.988377
463,-75.170976,40.025761
463,-75.097602,39.982446
462,-75.211383,39.945715
460,-75.169257,39.964756
460,-75.161627,39.980823
460,-75.217158,39.949212
458,-75.213879,39.947802
458,-75.133823,39.974778
458,-75.133823,39.974778
455,-75.119522,39.976092
454,-75.212695,39.9487
450,-75.124928,39.984085
450,-75.134598,40.056094
450,-75.13266,39.974444
449,-75.124234,39.978415
449,-75.16218,39.95222
446,-75.130501,39.982779
444,-75.101414,39.982977
442,-75.186382,39.991779
442,-75.190568,40.033195
440,-75.224723,39.951
440,-75.10262,39.98828
440,-75.217581,39.94502
438,-75.17511,40.02954
438,-75.127333,39.983085
437,-75.188096,39.992074
432,-75.208247,39.967014
431,-75.17511,40.02954
430,-75.14802,39.95363
430,-75.1415,39.96596
430,-75.130199,39.984238
427,-75.126722,39.986154
423,-75.124463,39.979728
423,-75.143089,40.006805
422,-75.109514,40.019676
421,-75.227433,39.948199
421,-75.129705,39.97323
420,-75.142914,39.971132
420,-75.135226,39.980462
420,-75.203717,40.074352
419,-75.12615,39.986451
418,-75.227022,39.949686
417,-75.188513,40.035
417,-75.209334,39.94981
416,-75.252036,39.969568
415,-75.126132,39.970467
412,-75.131985,39.98332
411,-75.226873,39.950442
411,-75.205701,39.968154
410,-75.142858,39.971262
410,-75.217794,40.030864
410,-75.13907,39.9865
409,-75.220965,39.949689
408,-75.12817,39.982059
408,-75.17511,40.02954
406,-75.102291,39.991779
406,-75.16218,39.95222
406,-75.119364,39.981024
405,-75.216754,39.95071
403,-75.16218,39.95222
402,-75.125403,39.971943
402,-75.203253,39.968433
400,-75.068864,40.016415
400,-75.131983,39.968259
400,-75.121817,39.979638
398,-75.143089,40.006805
391,-75.16218,39.95222
390,-75.150314,39.929197
390,-75.220394,39.952737
390,-75.141765,39.952607
390,-75.122687,39.981574
386,-75.213111,40.05736
386,-75.212031,39.946245
386,-75.120724,39.980233
380,-75.202477,39.969512
380,-75.131983,39.971436
380,-75.142383,39.973687
380,-75.13907,39.9865
378,-75.209288,39.949468
376,-75.196938,39.996677
376,-75.252036,39.969568
373,-75.16218,39.95222
372,-75.16218,39.95222
370,-75.212003,39.954006
370,-75.132073,39.980101
369,-75.252036,39.969568
369,-75.196938,39.996677
367,-75.18268,39.98345
366,-75.124463,39.979728
364,-75.161403,39.985353
363,-75.217581,39.94502
360,-75.175205,39.929322
360,-75.161455,39.970492
360,-75.183707,39.973778
360,-75.133872,39.986577
360,-75.125114,39.986383
360,-75.188096,39.992074
359,-75.124463,39.979728
354,-75.230712,39.950882
350,-75.130199,39.984238
347,-75.16218,39.95222
347,-75.173436,40.040154
346,-75.169111,40.023873
345,-75.131985,39.98332
344,-75.196938,39.996677
340,-75.16218,39.95222
340,-75.134806,39.981823
340,-75.130803,39.984012
340,-75.196728,40.01298
333,-75.17511,40.02954
333,-75.13188,39.969986
332,-75.222677,39.950648
332,-75.142228,39.966666
330,-75.143997,39.965817
330,-75.123972,40.025174
326,-75.188096,39.992074
323,-75.119472,39.980547
321,-75.219081,39.948205
321,-75.223147,39.948388
321,-75.252036,39.969568
320,-75.174732,39.938832
320,-75.134522,39.970284
320,-75.127874,39.985498
318,-75.230559,40.0671
314,-75.079436,40.021398
314,-75.115615,39.983562
314,-75.135031,40.050934
313,-75.252036,39.969568
313,-75.230559,40.0671
312,-75.222677,39.950648
312,-75.124463,39.979728
310,-75.215296,39.946874
310,-75.217759,39.945101
310,-75.12242,39.979498
310,-75.110734,39.991435
310,-75.100234,40.008862
310,-75.149175,40.018634
310,-75.128483,39.982539
306,-75.177315,40.026634
306,-75.167676,40.036023
305,-75.167705,39.987683
305,-75.196938,39.996677
303,-75.198425,40.044915
302,-75.196938,39.996677
302,-75.16218,39.95222
301,-75.196938,39.996677
300,-75.164123,39.940082
300,-75.220576,39.953867
300,-75.075782,40.078364
298,-75.165335,40.024051
297,-75.123873,39.981024
297,-75.16218,39.95222
297,-75.110456,39.98086
295,-75.218517,39.951774
295,-75.165017,40.025799
295,-75.134412,39.971664
294,-75.13254,39.971187
291,-75.16218,39.95222
290,-75.21953,39.960962
290,-75.173858,39.967025
290,-75.138538,39.969374
290,-75.127901,39.969856
290,-75.167671,40.036014
287,-75.196938,39.996677
285,-75.211495,39.945704
285,-75.239347,39.953568
285,-75.17511,40.02954
284,-75.12264,39.980673
283,-75.232703,39.951907
282,-75.188096,39.992074
282,-75.129804,39.979962
280,-75.109514,40.019676
280,-75.130902,39.97107
280,-75.125484,39.988152
280,-75.096615,39.990973
279,-75.109514,40.019676
279,-75.120946,39.978667
275,-75.20274,39.96572
273,-75.196938,39.996677
273,-75.109514,40.019676
273,-75.198781,40.054752
273,-75.124463,39.979728
270,-75.212631,39.951006
270,-75.140982,39.975057
270,-75.17511,40.02954
270,-75.130857,39.981287
270,-75.1415,39.96596
269,-75.16218,39.95222
269,-75.083504,40.061268
269,-75.105179,40.029776
267,-75.188096,39.992074
267,-75.109514,40.019676
267,-75.16712,39.93595
264,-75.128392,39.973713
263,-75.144856,39.961769
263,-75.213111,40.05736
262,-75.083504,40.061268
262,-75.216754,39.95071
262,-75.171717,40.023475
261,-75.1725,40.028031
260,-75.215296,39.946874
260,-75.169657,39.978824
260,-75.127343,39.995109
260,-75.231922,40.032832
259,-75.134412,39.971664
259,-75.194054,39.982471
258,-75.223214,39.949185
258,-75.210631,39.962504
256,-75.109514,40.019676
255,-75.083504,40.061268
255,-75.110456,39.98086
255,-75.196938,39.996677
254,-75.167676,40.036023
252,-75.194054,39.982471
252,-75.125743,39.983343
250,-75.109514,40.019676
250,-75.224723,39.951
250,-75.214203,39.953044
250,-75.140729,39.961791
250,-75.196728,40.01298
250,-75.175159,40.038397
250,-75.129654,39.975982
249,-75.190964,40.0373
246,-75.142228,39.966666
245,-75.124921,39.984174
242,-75.188096,39.992074
242,-75.216572,39.942104
240,-75.15027,39.951476
240,-75.191332,39.96207
240,-75.143997,39.965817
240,-75.16218,39.95222
240,-75.129914,39.984509
240,-75.112664,39.987504
240,-75.129654,39.975982
240,-75.1415,39.96596
240,-75.074815,39.996541
239,-75.212672,39.944778
239,-75.196938,39.996677
238,-75.202174,40.047211
236,-75.124463,39.979728
236,-75.16218,39.95222
235,-75.214404,39.947297
235,-75.125743,39.983343
235,-75.188096,39.992074
235,-75.196938,39.996677
234,-75.075151,39.994095
231,-75.217158,39.949212
231,-75.16218,39.95222
230,-75.151656,39.929446
230,-75.22165,39.946434
230,-75.148154,39.966394
230,-75.138419,39.974944
230,-75.125927,39.98944
230,-75.224698,40.025947
230,-75.216572,39.942104
229,-75.202174,40.047211
229,-75.109514,40.019676
228,-75.220484,39.952026
228,-75.194054,39.982471
227,-75.166135,40.035363
226,-75.213111,40.05736
226,-75.165335,40.024051
225,-75.109514,40.019676
224,-75.167676,40.036023
222,-75.16218,39.95222
222,-75.210631,39.962504
221,-75.130542,39.98079
220,-75.188513,40.035
220,-75.218423,39.952503
220,-75.200591,40.050967
220,-75.140576,39.972599
220,-75.157102,40.005223
219,-75.252036,39.969568
218,-75.190964,40.0373
218,-75.182513,39.976245
217,-75.109514,40.019676
216,-75.194054,39.982471
215,-75.165335,40.024051
215,-75.16218,39.95222
215,-75.21226,39.946495
214,-75.109514,40.019676
213,-75.16218,39.95222
212,-75.165335,40.024051
211,-75.194054,39.982471
210,-75.210631,39.962504
210,-75.165017,40.025799
210,-75.159191,39.924596
210,-75.156405,39.945889
210,-75.139477,39.970004
210,-75.159736,39.985695
210,-75.09956,40.04609
210,-75.188096,39.992074
209,-75.188513,40.035
208,-75.16218,39.95222
208,-75.216825,39.95001
208,-75.073503,39.997215
208,-75.213111,40.05736
208,-75.133132,39.974614
205,-75.252036,39.969568
205,-75.130542,39.98079
205,-75.216572,39.942104
203,-75.161412,40.007376
203,-75.213111,40.05736
202,-75.21509,39.948914
202,-75.230559,40.0671
200,-75.168667,39.967072
200,-75.1354,39.968785
200,-75.123751,39.975449
200,-75.131013,39.985393
200,-75.146348,39.980371
200,-75.194054,39.982471
200,-75.110166,39.988782
199,-75.166366,40.02225
199,-75.210631,39.962504
199,-75.216572,39.942104
198,-75.196938,39.996677
197,-75.18268,39.98345
197,-75.188513,40.035
196,-75.213111,40.05736
195,-75.202174,40.047211
195,-75.157551,39.961845
195,-75.091054,40.012844
195,-75.213111,40.05736
194,-75.202477,39.969512
194,-75.124112,39.985119
194,-75.16218,39.95222
194,-75.215091,39.948819
193,-75.18846,40.014077
193,-75.194054,39.982471
192,-75.202174,40.047211
191,-75.125487,39.98488
190,-75.187884,39.934639
190,-75.173124,39.950418
190,-75.216353,39.952296
190,-75.142908,39.963407
190,-75.143412,39.965417
190,-75.138538,39.969374
190,-75.125067,39.980323
190,-75.127874,39.985498
190,-75.205522,39.961252
190,-75.229848,39.977055
190,-75.196938,39.996677
189,-75.212672,39.944778
189,-75.1297,39.981879
189,-75.216572,39.942104
188,-75.208783,39.947418
188,-75.123261,39.98322
188,-75.216572,39.942104
184,-75.188096,39.992074
181,-75.208247,39.967014
180,-75.216572,39.942104
180,-75.159371,39.923784
180,-75.181113,39.949454
180,-75.201027,39.951445
180,-75.207329,40.015061
180,-75.143603,39.967873
180,-75.190964,40.0373
179,-75.202174,40.047211
178,-75.194054,39.982471
178,-75.133823,39.974778
176,-75.161412,40.007376
175,-75.202174,40.047211
174,-75.10734,39.989628
173,-75.194054,39.982471
171,-75.16218,39.95222
171,-75.252036,39.969568
171,-75.216572,39.942104
171,-75.216572,39.942104
170,-75.194054,39.982471
170,-75.145563,39.934445
170,-75.213932,39.945867
170,-75.138538,39.969374
170,-75.127333,39.971772
170,-75.121561,39.978517
170,-75.139515,40.047045
170,-75.214004,39.947778
170,-75.129664,39.981929
170,-75.151615,39.982533
170,-75.210631,39.962504
169,-75.207227,39.949708
168,-75.16218,39.95222
167,-75.167676,40.036023
166,-75.109514,40.019676
166,-75.208247,39.967014
166,-75.161403,39.985353
165,-75.16218,39.95222
164,-75.216572,39.942104
164,-75.225525,39.941836
164,-75.069986,40.039007
163,-75.165335,40.024051
162,-75.190568,40.033195
162,-75.202477,39.969512
162,-75.16218,39.95222
161,-75.202174,40.047211
161,-75.20274,39.96572
160,-75.188096,39.992074
160,-75.181113,39.949454
160,-75.219076,39.949414
160,-75.145245,39.952292
160,-75.144559,39.96375
160,-75.165787,39.96574
160,-75.129314,39.976798
160,-75.1415,39.96596
160,-75.13907,39.9865
160,-75.113317,39.984893
159,-75.252036,39.969568
159,-75.16218,39.95222
159,-75.189583,39.958778
158,-75.165335,40.024051
156,-75.131753,39.982167
156,-75.090024,40.029219
155,-75.188096,39.992074
155,-75.188096,39.992074
155,-75.216572,39.942104
154,-75.216572,39.942104
154,-75.216572,39.942104
153,-75.190568,40.033195
152,-75.195612,40.05279
152,-75.196938,39.996677
151,-75.109514,40.019676
150,-75.165613,39.95647
150,-75.143817,39.961563
150,-75.167476,39.966565
150,-75.13131,39.971738
150,-75.120944,39.981631
150,-75.130199,39.984238
150,-75.127874,39.985498
150,-75.222001,40.030847
150,-75.118244,39.979731
150,-75.194054,39.982471
149,-75.196938,39.996677
149,-75.194054,39.982471
149,-75.187977,40.052019
149,-75.214004,39.947778
149,-75.177708,40.03923
148,-75.161412,40.007376
148,-75.124112,39.985119
148,-75.070505,40.001718
148,-75.194054,39.982471
148,-75.188096,39.992074
147,-75.131343,39.977604
147,-75.155004,39.92292
147,-75.124112,39.985119
146,-75.213111,40.05736
146,-75.111174,39.981667
145,-75.155004,39.92292
144,-75.169323,40.032405
144,-75.166277,40.001763
143,-75.200049,40.044168
143,-75.230559,40.0671
143,-75.188096,39.992074
142,-75.202174,40.047211
142,-75.135031,40.050934
142,-75.165335,40.024051
141,-75.199117,40.043358
141,-75.210631,39.962504
141,-75.221176,39.95343
141,-75.202174,40.047211
141,-75.188096,39.992074
141,-75.202174,40.047211
140,-75.159371,39.923784
140,-75.148686,39.936483
140,-75.156793,39.958972
140,-75.141414,39.966467
140,-75.079162,40.074967
139,-75.214004,39.947778
139,-75.069823,40.078897
138,-75.216572,39.942104
138,-75.252036,39.969568
138,-75.213111,40.05736
137,-75.216572,39.942104
137,-75.161412,40.007376
136,-75.252036,39.969568
136,-75.1779,39.931704
135,-75.190568,40.033195
135,-75.216572,39.942104
134,-75.165335,40.024051
134,-75.225502,40.053374
133,-75.225502,40.053374
133,-75.225502,40.053374
133,-75.196938,39.996677
132,-75.069823,40.078897
132,-75.165335,40.024051
132,-75.194054,39.982471
131,-75.216572,39.942104
130,-75.156969,39.938701
130,-75.158336,39.944276
130,-75.132636,39.969446
130,-75.126785,39.973255
130,-75.131026,39.985225
130,-75.167626,39.987747
130,-75.205638,40.00159
130,-75.202174,40.047211
130,-75.188513,40.035
130,-75.165335,40.024051
129,-75.130542,39.98079
129,-75.12769,39.9751
128,-75.165335,40.024051
128,-75.213111,40.05736
127,-75.216572,39.942104
127,-75.069823,40.078897
127,-75.157836,40.00221
127,-75.069986,40.039007
126,-75.252036,39.969568
126,-75.161403,39.985353
126,-75.084264,40.035763
125,-75.194054,39.982471
125,-75.216572,39.942104
125,-75.202174,40.047211
124,-75.212672,39.944778
124,-75.165335,40.024051
123,-75.121817,39.979638
123,-75.230559,40.0671
123,-75.177985,39.931263
123,-75.135281,39.975408
123,-75.190964,40.0373
120,-75.216572,39.942104
120,-75.194054,39.982471
120,-75.212672,39.944778
120,-75.153776,39.937842
120,-75.244492,39.95413
120,-75.166069,39.95564
120,-75.142545,39.965136
120,-75.143412,39.965417
120,-75.16218,39.95222
120,-75.138419,39.974944
120,-75.129654,39.975982
120,-75.130199,39.984238
120,-75.16218,39.95222
119,-75.21226,39.946495
119,-75.165335,40.024051
118,-75.202174,40.047211
118,-75.216572,39.942104
117,-75.165335,40.024051
117,-75.179635,40.035933
117,-75.124112,39.985119
117,-75.069823,40.078897
117,-75.069823,40.078897
117,-75.202174,40.047211
115,-75.16218,39.95222
115,-75.165335,40.024051
115,-75.230559,40.0671
115,-75.225502,40.053374
114,-75.199117,40.043358
114,-75.252036,39.969568
114,-75.16218,39.95222
114,-75.124112,39.985119
113,-75.120183,39.981969
113,-75.160477,39.934451
113,-75.165335,40.024051
112,-75.216572,39.942104
112,-75.214135,39.953072
112,-75.165335,40.024051
111,-75.17511,40.02954
111,-75.188096,39.992074
111,-75.196938,39.996677
110,-75.216572,39.942104
110,-75.069823,40.078897
110,-75.22872,40.077858
110,-75.151869,39.934536
110,-75.156405,39.945889
110,-75.199588,39.962519
110,-75.142545,39.965136
110,-75.1354,39.968785
110,-75.138376,39.987204
110,-75.225502,40.053374
109,-75.213111,40.05736
109,-75.165335,40.024051
109,-75.225502,40.053374
109,-75.165335,40.024051
107,-75.216572,39.942104
107,-75.155004,39.92292
107,-75.161416,39.952097
107,-75.189583,39.958778
106,-75.124453,39.981663
106,-75.116507,39.977649
105,-75.190964,40.0373
105,-75.225502,40.053374
104,-75.133813,40.052583
103,-75.165335,40.024051
102,-75.194054,39.982471
102,-75.230559,40.0671
101,-75.069823,40.078897
101,-75.069823,40.078897
101,-75.131753,39.982167
101,-75.165335,40.024051
101,-75.213111,40.05736
100,-75.069823,40.078897
100,-75.161412,40.007376
100,-75.180246,39.9481
100,-75.181113,39.949454
100,-75.137298,39.969145
100,-75.143896,39.981624
100,-75.18268,39.98345
100,-75.129654,39.975982
99,-75.161234,39.946022
99,-75.161234,39.946022
99,-75.129654,39.975982
99,-75.12769,39.9751
99,-75.140738,39.981165
99,-75.091281,40.017776
99,-74.979591,40.094068
99,-75.069823,40.078897
99,-75.225497,39.941856
99,-75.202174,40.047211
99,-75.069823,40.078897
98,-75.069823,40.078897
98,-75.16218,39.95222
98,-75.187977,40.052019
98,-75.232652,39.997305
97,-75.215223,39.964104
97,-75.124112,39.985119
96,-75.16218,39.95222
96,-75.216435,39.952232
96,-75.124112,39.985119
96,-75.069823,40.078897
96,-75.225497,39.941856
95,-75.20274,39.96572
95,-75.069986,40.039007
94,-75.155004,39.92292
94,-75.160477,39.934451
93,-75.190964,40.0373
93,-75.200049,40.044168
92,-75.200049,40.044168
92,-75.121561,39.978517
92,-75.225502,40.053374
91,-75.225502,40.053374
91,-75.172905,39.940817
91,-75.138538,39.969374
90,-75.22872,40.077858
90,-75.069823,40.078897
89,-75.069823,40.078897
89,-75.230559,40.0671
88,-75.230559,40.0671
88,-75.181391,39.948112
87,-75.225502,40.053374
87,-75.230559,40.0671
87,-75.161412,40.007376
87,-75.16218,39.95222
87,-75.135866,39.970256
86,-75.213111,40.05736
86,-75.117744,39.989745
86,-75.218638,39.966071
85,-75.169323,40.032405
85,-75.225502,40.053374
84,-75.230559,40.0671
84,-75.230559,40.0671
84,-75.22872,40.077858
84,-75.142914,39.971132
84,-75.188096,39.992074
83,-75.212787,39.945606
83,-75.160477,39.934451
83,-75.230559,40.0671
83,-75.227793,40.052781
83,-75.069823,40.078897
82,-75.22872,40.077858
82,-75.22872,40.077858
82,-75.039118,40.10492
82,-75.069823,40.078897
81,-75.188096,39.992074
81,-75.163487,39.943375
81,-75.241533,40.057442
80,-75.22872,40.077858
80,-75.117744,39.989745
80,-75.125565,39.979219
80,-75.225502,40.053374
80,-75.225502,40.053374
79,-75.146058,39.969437
79,-75.213111,40.05736
79,-75.241533,40.057442
79,-75.069986,40.039007
78,-75.210631,39.962504
78,-75.21587,39.94745
78,-75.131753,39.982167
78,-75.138183,39.970773
78,-75.124112,39.985119
78,-75.12769,39.9751
78,-75.225502,40.053374
77,-75.230559,40.0671
77,-75.169323,40.032405
77,-75.159223,39.943878
76,-75.124112,39.985119
76,-75.199117,40.043358
76,-75.216582,39.948035
76,-75.252036,39.969568
76,-75.169108,40.048057
76,-75.225502,40.053374
75,-75.213111,40.05736
75,-75.007986,40.068773
74,-75.168767,39.966606
73,-75.069823,40.078897
73,-75.165833,39.925016
72,-75.194054,39.982471
72,-75.22872,40.077858
72,-75.22872,40.077858
71,-75.22872,40.077858
71,-75.194309,40.051615
71,-75.126723,39.986074
71,-75.145276,39.981766
69,-75.162785,39.938607
68,-75.252036,39.969568
68,-75.220484,39.952026
68,-75.161412,40.007376
67,-75.127874,39.985498
66,-75.065948,39.999829
65,-75.161412,40.007376
65,-75.22872,40.077858
65,-75.149027,39.970536
65,-75.124112,39.985119
64,-75.142705,39.971104
63,-75.16218,39.95222
63,-75.212672,39.944778
62,-75.125757,40.002846
62,-75.02962,40.05511
61,-75.188513,40.035
61,-75.125955,39.971792
61,-75.213111,40.05736
60,-75.16218,39.95222
59,-75.161412,40.007376
59,-75.144611,39.963166
59,-75.225502,40.053374
59,-75.210631,39.962504
58,-75.188513,40.035
58,-75.162969,40.025778
58,-75.230559,40.0671
58,-75.22872,40.077858
58,-75.135281,39.975408
58,-75.225502,40.053374
58,-75.216572,39.942104
57,-75.230559,40.0671
56,-75.124112,39.985119
56,-75.230559,40.0671
56,-75.22872,40.077858
56,-75.22872,40.077858
56,-75.095445,40.055323
56,-75.162785,39.938607
56,-75.162785,39.938607
56,-75.188096,39.992074
55,-75.161587,39.929447
54,-75.22872,40.077858
54,-75.142914,39.971132
53,-75.161412,40.007376
53,-75.162785,39.938607
53,-75.124112,39.985119
53,-75.213111,40.05736
52,-75.22872,40.077858
52,-75.225502,40.053374
51,-75.215954,39.954509
51,-75.22872,40.077858
51,-75.16218,39.95222
50,-75.161412,40.007376
50,-75.210631,39.962504
49,-75.141682,39.964609
48,-75.124112,39.985119
48,-75.20274,39.96572
48,-75.146786,40.052685
48,-75.235389,39.928782
48,-75.235389,39.928782
48,-75.169257,39.964756
48,-75.169257,39.964756
47,-75.1415,39.96596
46,-75.24472,40.055257
45,-75.155004,39.92292
45,-75.124112,39.985119
44,-75.139307,39.969381
44,-75.211633,40.076891
44,-75.227014,40.089415
44,-75.210631,39.962504
43,-75.16218,39.95222
43,-75.22872,40.077858
42,-75.161412,40.007376
41,-75.160477,39.934451
41,-75.165335,40.024051
40,-75.161412,40.007376
40,-75.138538,39.969374
40,-75.125484,39.988152
39,-75.16218,39.95222
39,-75.22872,40.077858
39,-75.161587,39.929447
39,-75.115703,39.978092
38,-75.157836,40.00221
37,-75.213111,40.05736
37,-75.213111,40.05736
37,-75.130412,39.979404
37,-75.169323,40.032405
37,-75.100342,39.997197
36,-75.210631,39.962504
36,-75.160477,39.934451
36,-75.219291,39.957759
34,-75.216572,39.942104
34,-75.169304,40.026267
34,-75.12769,39.9751
33,-75.212821,39.95532
33,-75.212672,39.944778
32,-75.18268,39.98345
32,-75.023438,40.043123
31,-75.160477,39.934451
31,-75.210631,39.962504
30,-75.206579,39.973816
30,-75.206579,39.973816
29,-75.165335,40.024051
28,-75.235389,39.928782
27,-75.16218,39.95222
27,-75.165335,40.024051
26,-75.126704,39.973221
25,-75.15474,39.9513
24,-75.07011,40.00015
24,-75.235389,39.928782
24,-75.160477,39.934451
22,-75.161412,40.007376
21,-75.194054,39.982471
21,-75.210631,39.962504
21,-75.187977,40.052019
21,-75.210631,39.962504
21,-75.16218,39.95222
21,-75.16218,39.95222
20,-75.213111,40.05736
20,-75.216572,39.942104
20,-75.133813,40.052583
19,-75.210631,39.962504
19,-75.160477,39.934451
18,-75.235389,39.928782
18,-75.160477,39.934451
17,-75.161412,40.007376
17,-75.210631,39.962504
17,-75.07011,40.00015
16,-75.212672,39.944778
15,-75.194054,39.982471
13,-75.170429,40.053338
12,-75.160422,39.93453
11,-75.210631,39.962504
11,-75.133813,40.052583
11,-75.210631,39.962504
10,-75.161403,39.985353
9,-75.131343,39.977595
0,-75.187884,39.934639
0,-75.132889,39.967795
0,-75.146058,39.969437
0,-75.16218,39.95222
0,-75.142914,39.971132
0,-75.144767,39.971525
0,-75.13253,39.971104
0,-75.143337,39.972459
0,-75.13131,39.971738
0,-75.136174,39.972657
0,-75.183695,39.974581
0,-75.190825,40.051124
0,-75.220229,39.964742
0,-75.116714,39.97674
0,-75.130542,39.98079
0,-75.157836,40.00221
0,-75.157836,40.00221
0,-75.194054,39.982471
0,-75.2169,39.9303
0,-75.157999,39.930287
0,-75.145914,39.966579
0,-75.161412,40.007376
0,-75.161412,40.007376
0,-75.16218,39.95222
0,-75.245878,39.944751
0,-75.24543,39.954115
0,-75.244133,39.944192
0,-75.233606,39.935864
0,-75.230278,39.933822
0,-75.229845,39.935496
0,-75.228768,39.94971
0,-75.226997,39.939189
0,-75.225538,39.944813
0,-75.224467,39.948424
0,-75.223723,39.94981
0,-75.223532,39.942648
0,-75.218965,39.94163
0,-75.218393,39.941224
0,-75.217743,39.935624
0,-75.215486,39.941935
1,-75.235064,39.955925
4,-75.222775,39.941337
5,-75.217533,39.940478
7,-75.23013,39.935785
7,-75.226905,39.943341
8,-75.189268,39.951579
8,-75.151551,40.007661
9,-75.225538,39.944813
10,-75.189453,39.956853
12,-75.21846,39.966086
15,-75.199235,39.959932
16,-75.185917,39.95152
17,-75.18646,39.94911
18,-75.109981,39.98334
19,-75.185372,39.951613
19,-75.185323,39.949554
19,-75.122085,39.981033
20,-75.189386,39.951768
21,-75.256861,39.974449
21,-75.256861,39.974449
21,-75.256861,39.974449
21,-75.256861,39.974449
21,-75.256861,39.974449
21,-75.256861,39.974449
21,-75.256861,39.974449
21,-75.256861,39.974449
21,-75.256861,39.974449
21,-75.256861,39.974449
21,-75.229845,39.940286
21,-75.214568,39.951121
22,-75.23037,39.944144
22,-75.190255,39.951308
22,-75.189461,39.951595
23,-75.195973,39.96229
24,-75.231395,39.946631
25,-75.219954,39.945482
25,-75.214387,39.941818
25,-75.213074,39.948094
26,-75.209886,39.94339
27,-75.160054,39.928955
29,-75.18901,39.959033
30,-75.225219,39.945046
30,-75.197242,39.951185
31,-75.220547,39.942594
31,-75.215418,39.990933
31,-75.132953,39.969351
32,-75.191097,39.951398
32,-75.128699,39.970842
33,-75.247389,39.948601
33,-75.19799,39.954612
34,-75.253035,39.973484
34,-75.253035,39.973484
34,-75.253035,39.973484
34,-75.253035,39.973484
34,-75.253035,39.973484
34,-75.253035,39.973484
34,-75.253035,39.973484
34,-75.253035,39.973484
34,-75.253035,39.973484
34,-75.253035,39.973484
35,-75.192277,39.951542
36,-75.239367,39.957855
37,-75.234529,39.950062
37,-75.134535,39.971562
38,-75.232485,39.941665
38,-75.222051,39.94597
41,-75.254041,39.973896
41,-75.254041,39.973896
41,-75.254041,39.973896
41,-75.254041,39.973896
41,-75.254041,39.973896
41,-75.254041,39.973896
41,-75.254041,39.973896
41,-75.254041,39.973896
41,-75.254041,39.973896
41,-75.254041,39.973896
42,-75.219316,39.946872
43,-75.223646,39.942073
43,-75.214921,39.997753
44,-75.220547,39.942594
45,-75.206788,40.003387
46,-75.228592,39.94411
46,-75.192111,39.951649
47,-75.19811,39.954413
47,-75.152697,39.928278
48,-75.2346,39.979
48,-75.188213,39.961824
49,-75.247116,39.894286
49,-75.131565,39.972403
50,-75.233969,39.963176
50,-75.2213,39.9827
51,-75.215669,39.934871
51,-75.210809,39.942749
52,-75.24989,39.983067
52,-75.24989,39.983067
52,-75.24989,39.983067
52,-75.24989,39.983067
52,-75.24989,39.983067
52,-75.24989,39.983067
52,-75.24989,39.983067
52,-75.24989,39.983067
52,-75.24989,39.983067
52,-75.24989,39.983067
52,-75.134535,39.971562
53,-75.233039,39.990864
53,-75.218298,39.941472
54,-75.247099,39.958704
55,-75.2161,39.9726
55,-75.215856,39.966082
56,-75.242815,39.90434
56,-75.235418,39.955615
56,-75.208443,39.949965
59,-75.225583,39.94313
59,-75.218726,39.962296
60,-75.119329,39.97622
61,-75.240134,39.948611
61,-75.234107,39.956272
61,-75.191339,39.951044
62,-75.21951,39.940496
62,-75.119212,39.980379
63,-75.184293,39.950393
64,-75.188613,39.959001
65,-75.251157,39.973385
65,-75.251157,39.973385
65,-75.251157,39.973385
65,-75.251157,39.973385
65,-75.251157,39.973385
65,-75.251157,39.973385
65,-75.251157,39.973385
65,-75.251157,39.973385
65,-75.251157,39.973385
65,-75.251157,39.973385
65,-75.224467,39.948424
66,-75.229751,39.9449
67,-75.234999,39.942985
67,-75.192521,39.960044
68,-75.241959,39.951772
68,-75.2275,39.9752
68,-75.119212,39.980379
69,-75.229845,39.940286
69,-75.228113,39.94175
69,-75.227464,39.960034
69,-75.138847,39.960424
70,-75.199095,39.960309
71,-75.219065,39.939181
72,-75.213074,39.948094
74,-75.132491,39.980577
75,-75.22278,39.985271
76,-75.211316,39.982296
76,-75.18944,39.951143
78,-75.122035,39.974459
79,-75.187475,39.961849
80,-75.1326,39.9776
80,-75.12869,39.982395
81,-75.190577,39.951398
81,-75.131565,39.972403
82,-75.221071,39.941542
83,-75.230484,39.943668
83,-75.12869,39.982395
84,-75.25237,39.988168
84,-75.25237,39.988168
84,-75.25237,39.988168
84,-75.25237,39.988168
84,-75.25237,39.988168
84,-75.25237,39.988168
84,-75.25237,39.988168
84,-75.25237,39.988168
84,-75.25237,39.988168
84,-75.25237,39.988168
84,-75.223669,39.940643
84,-75.212031,39.945934
85,-75.244133,39.944192
86,-75.267016,39.972461
88,-75.236,39.9796
88,-75.218298,39.941472
88,-75.1992,39.959813
88,-75.19129,39.951464
88,-75.191173,39.951181
88,-75.119603,39.976587
89,-75.240134,39.948611
90,-75.215857,39.966132
91,-75.230552,39.934996
92,-75.2263,39.9827
93,-75.267016,39.972461
93,-75.234016,39.952707
93,-75.233273,39.990363
93,-75.220683,39.943377
93,-75.210809,39.942749
93,-75.195297,39.961112
96,-75.231922,39.943947
97,-75.265093,39.975688
97,-75.265093,39.975688
97,-75.265093,39.975688
97,-75.265093,39.975688
97,-75.265093,39.975688
97,-75.265093,39.975688
97,-75.265093,39.975688
97,-75.265093,39.975688
97,-75.265093,39.975688
97,-75.265093,39.975688
97,-75.245878,39.944751
97,-75.122035,39.974459
98,-75.220547,39.942594
98,-75.125573,39.980068
99,-75.2212,39.9805
100,-75.189289,39.959379
100,-75.189222,39.958848
100,-75.187167,39.96068
102,-75.226214,39.990129
102,-75.129325,39.974714
103,-75.221657,39.935969
103,-75.218745,39.936699
106,-75.23707,39.952082
106,-75.215759,39.956324
107,-75.206788,40.003387
113,-75.217533,39.940478
113,-75.188667,39.959412
114,-75.234016,39.952707
114,-75.217401,39.938336
115,-75.226044,39.950635
116,-75.241501,39.945148
116,-75.2371,39.9753
116,-75.2365,39.9709
117,-75.260667,39.973825
117,-75.260667,39.973825
117,-75.260667,39.973825
117,-75.260667,39.973825
117,-75.260667,39.973825
117,-75.260667,39.973825
117,-75.260667,39.973825
117,-75.260667,39.973825
117,-75.260667,39.973825
117,-75.260667,39.973825
117,-75.234999,39.942985
118,-75.2291,39.9693
118,-75.22768,39.945051
118,-75.127471,39.979361
119,-75.240474,39.981763
119,-75.240474,39.981763
119,-75.240474,39.981763
119,-75.240474,39.981763
119,-75.240474,39.981763
119,-75.240474,39.981763
119,-75.240474,39.981763
119,-75.240474,39.981763
119,-75.240474,39.981763
119,-75.240474,39.981763
120,-75.231495,39.948639
122,-75.229777,39.944578
123,-75.228592,39.94411
123,-75.122085,39.981033
124,-75.248534,39.985905
124,-75.248534,39.985905
124,-75.248534,39.985905
124,-75.248534,39.985905
124,-75.248534,39.985905
124,-75.248534,39.985905
124,-75.248534,39.985905
124,-75.248534,39.985905
124,-75.248534,39.985905
124,-75.248534,39.985905
124,-75.242815,39.90434
124,-75.233765,39.953577
128,-75.2134,39.9764
129,-75.226905,39.943341
129,-75.221207,39.941658
130,-75.232142,39.987725
130,-75.232127,39.939581
131,-75.224383,40.000616
135,-75.232991,39.943207
135,-75.2189,39.9764
136,-75.213782,39.995495
136,-75.187519,39.963184
136,-75.128872,39.993333
138,-75.131155,39.977878
139,-75.233082,39.941904
140,-75.1326,39.9776
141,-75.234569,39.96688
142,-75.213014,39.94545
142,-75.199073,39.959765
144,-75.126811,39.973061
147,-75.210102,39.943264
148,-75.234703,39.957823
150,-75.129259,39.976414
152,-75.220683,39.943377
153,-75.229287,39.974
156,-75.2555,39.976034
156,-75.2555,39.976034
156,-75.2555,39.976034
156,-75.2555,39.976034
156,-75.2555,39.976034
156,-75.2555,39.976034
156,-75.2555,39.976034
156,-75.2555,39.976034
156,-75.2555,39.976034
156,-75.2555,39.976034
156,-75.125948,39.970432
158,-75.219974,39.991943
159,-75.199543,39.962016
160,-75.210707,39.982854
162,-75.248135,39.979998
162,-75.248135,39.979998
162,-75.248135,39.979998
162,-75.248135,39.979998
162,-75.248135,39.979998
162,-75.248135,39.979998
162,-75.248135,39.979998
162,-75.248135,39.979998
162,-75.248135,39.979998
162,-75.248135,39.979998
162,-75.211383,39.944239
163,-75.231395,39.946631
164,-75.24364,39.978329
164,-75.24364,39.978329
164,-75.24364,39.978329
164,-75.24364,39.978329
164,-75.24364,39.978329
164,-75.24364,39.978329
164,-75.24364,39.978329
164,-75.24364,39.978329
164,-75.24364,39.978329
164,-75.24364,39.978329
164,-75.236169,39.964938
164,-75.199438,39.959617
169,-75.251917,39.974627
169,-75.232422,39.943023
169,-75.215981,39.965776
171,-75.235148,39.950667
173,-75.222967,39.944318
173,-75.128699,39.970842
174,-75.218387,39.938272
174,-75.214496,39.958303
175,-75.222775,39.941337
176,-75.199191,39.959634
177,-75.21943,39.947809
178,-75.189574,39.960927
179,-75.213587,39.981413
180,-75.19892,39.959975
181,-75.230872,39.949213
183,-75.222233,39.9489
186,-75.267016,39.972461
188,-75.11884,39.979225
189,-75.210456,40.0035
191,-75.241959,39.951772
191,-75.223646,39.942073
191,-75.132045,39.980191
196,-75.231845,39.96543
196,-75.227275,39.945057
197,-75.228768,39.94971
197,-75.223669,39.940643
198,-75.228774,39.950456
198,-75.215512,39.935031
200,-75.267016,39.972461
200,-75.23025,39.937929
200,-75.226791,39.939752
200,-75.193785,39.959922
203,-75.227682,39.938746
204,-75.212405,39.962213
205,-75.267016,39.972461
206,-75.229845,39.935496
206,-75.221253,39.941704
209,-75.228946,39.943319
209,-75.210102,39.943264
210,-75.127471,39.979361
213,-75.222484,39.944632
215,-75.215207,39.967451
215,-75.199019,39.959762
216,-75.190823,39.960273
217,-75.225519,39.936365
218,-75.229845,39.935496
219,-75.249056,39.97522
219,-75.195965,39.963689
221,-75.195975,39.9782
223,-75.250691,39.977715
224,-75.224444,39.950365
227,-75.193051,39.962466
228,-75.233082,39.952998
231,-75.24543,39.954115
231,-75.227612,39.943354
233,-75.215669,39.934871
234,-75.221207,39.941658
235,-75.212031,39.945934
237,-75.195365,40.015389
238,-75.256518,39.974342
239,-75.238172,39.949777
239,-75.219954,39.945482
240,-75.241177,39.950576
241,-75.215078,39.942085
242,-75.225743,39.943916
243,-75.23037,39.944144
243,-75.214387,39.941818
244,-75.222051,39.94597
246,-75.249056,39.97522
246,-75.227612,39.943354
247,-75.246292,39.978505
247,-75.246292,39.978505
247,-75.246292,39.978505
247,-75.246292,39.978505
247,-75.246292,39.978505
247,-75.246292,39.978505
247,-75.246292,39.978505
247,-75.246292,39.978505
247,-75.246292,39.978505
247,-75.246292,39.978505
247,-75.217868,39.971213
252,-75.12522,39.97664
253,-75.235262,39.934992
253,-75.235064,39.955925
253,-75.230073,39.9444
256,-75.235224,39.953767
256,-75.231922,39.943947
256,-75.12522,39.97664
261,-75.232127,39.939581
263,-75.230552,39.934996
267,-75.11884,39.979225
269,-75.225287,39.94044
272,-75.229845,39.935496
273,-75.211509,39.944257
276,-75.238172,39.949777
277,-75.129553,39.979998
283,-75.225287,39.94044
283,-75.223635,39.955335
284,-75.2266,39.9738
285,-75.234107,39.956272
286,-75.2314,39.977
287,-75.198794,39.954336
288,-75.230484,39.943668
288,-75.208443,39.949965
295,-75.125573,39.980068
296,-75.231154,39.941054
297,-75.13039,39.978965
298,-75.211608,39.988655
299,-75.227054,39.936418
305,-75.23275,39.965303
309,-75.231873,39.947058
311,-75.249851,39.988892
311,-75.249851,39.988892
311,-75.249851,39.988892
311,-75.249851,39.988892
311,-75.249851,39.988892
311,-75.249851,39.988892
311,-75.249851,39.988892
311,-75.249851,39.988892
311,-75.249851,39.988892
311,-75.249851,39.988892
311,-75.218745,39.936699
319,-75.217538,39.938806
328,-75.121533,39.988004
330,-75.241501,39.945148
331,-75.247013,39.962652
331,-75.215234,39.940364
335,-75.231783,39.942599
336,-75.227464,39.960034
342,-75.252306,39.977004
343,-75.220615,39.941601
344,-75.206016,39.949178
347,-75.192569,39.960668
348,-75.199263,39.959915
355,-75.191027,39.960872
359,-75.231179,39.965506
361,-75.232485,39.941665
370,-75.229617,39.948767
372,-75.216834,39.962857
377,-75.119603,39.976587
379,-75.253023,39.972097
379,-75.253023,39.972097
379,-75.253023,39.972097
379,-75.253023,39.972097
379,-75.253023,39.972097
379,-75.253023,39.972097
379,-75.253023,39.972097
379,-75.253023,39.972097
379,-75.253023,39.972097
379,-75.253023,39.972097
383,-75.214914,39.968931
388,-75.232651,39.944722
389,-75.223692,39.942177
389,-75.220433,39.940886
391,-75.240354,39.958871
392,-75.232422,39.943023
405,-75.245062,39.953744
406,-75.231495,39.948639
406,-75.222967,39.944318
407,-75.241047,39.947764
407,-75.234529,39.950062
408,-75.249056,39.97522
408,-75.119329,39.97622
410,-75.229058,39.937812
415,-75.225219,39.945046
419,-75.129325,39.974714
422,-75.232694,39.929913
436,-75.123885,39.990077
438,-75.233082,39.952998
442,-75.213803,39.94225
445,-75.221253,39.941704
451,-75.232991,39.943207
453,-75.228364,39.952405
453,-75.129259,39.976414
459,-75.245046,39.963604
460,-75.21252,39.963038
472,-75.226313,39.944403
483,-75.215808,39.937415
486,-75.232161,39.986632
491,-75.221657,39.935969
491,-75.125948,39.970432
510,-75.249056,39.97522
511,-75.24766,39.983736
511,-75.24766,39.983736
511,-75.24766,39.983736
511,-75.24766,39.983736
511,-75.24766,39.983736
511,-75.24766,39.983736
511,-75.24766,39.983736
511,-75.24766,39.983736
511,-75.24766,39.983736
511,-75.24766,39.983736
526,-75.23804,39.992477
535,-75.215895,39.964773
549,-75.218393,39.941224
554,-75.222233,39.9489
556,-75.229777,39.944578
565,-75.227275,39.945057
574,-75.227247,39.94421
577,-75.227612,39.943354
586,-75.227275,39.945057
587,-75.243777,39.957744
601,-75.240372,39.95446
614,-75.24453,39.972313
614,-75.24453,39.972313
614,-75.24453,39.972313
614,-75.24453,39.972313
614,-75.24453,39.972313
614,-75.24453,39.972313
614,-75.24453,39.972313
614,-75.24453,39.972313
614,-75.24453,39.972313
614,-75.24453,39.972313
626,-75.199911,39.9599
638,-75.198772,39.959682
661,-75.223723,39.94981
665,-75.125931,39.991771
676,-75.217538,39.938806
687,-75.229617,39.948767
687,-75.227247,39.94421
693,-75.245163,39.981941
693,-75.245163,39.981941
693,-75.245163,39.981941
693,-75.245163,39.981941
693,-75.245163,39.981941
693,-75.245163,39.981941
693,-75.245163,39.981941
693,-75.245163,39.981941
693,-75.245163,39.981941
693,-75.245163,39.981941
709,-75.2158,39.9724
711,-75.227682,39.938746
726,-75.231922,39.943947
729,-75.224444,39.950365
756,-75.215078,39.942085
768,-75.19918,39.9599
773,-75.235262,39.934992
799,-75.191199,39.951538
816,-75.221914,39.950841
836,-75.229058,39.937812
844,-75.225219,39.945046
881,-75.232694,39.929913
883,-75.213014,39.94545
891,-75.129853,39.977178
912,-75.210038,39.945294
922,-75.220114,39.941929
923,-75.240845,39.970229
927,-75.218965,39.94163
929,-75.212076,39.953469
937,-75.242522,39.980722
937,-75.242522,39.980722
937,-75.242522,39.980722
937,-75.242522,39.980722
937,-75.242522,39.980722
937,-75.242522,39.980722
937,-75.242522,39.980722
937,-75.242522,39.980722
937,-75.242522,39.980722
937,-75.242522,39.980722
937,-75.224877,39.943765
938,-75.211383,39.944239
963,-75.225583,39.94313
964,-75.227875,39.943369
969,-75.209492,39.97506
990,-75.250768,39.975184
990,-75.250768,39.975184
990,-75.250768,39.975184
990,-75.250768,39.975184
990,-75.250768,39.975184
990,-75.250768,39.975184
990,-75.250768,39.975184
990,-75.250768,39.975184
990,-75.250768,39.975184
990,-75.250768,39.975184
1005,-75.217743,39.935624
1020,-75.228946,39.943319
1036,-75.232651,39.944722
1044,-75.249056,39.97522
1059,-75.227772,39.943198
1063,-75.220729,39.940497
1106,-75.215234,39.940364
1109,-75.220683,39.943377
1142,-75.22768,39.945051
1149,-75.23159,39.975155
1180,-75.228774,39.950456
1314,-75.188342,39.962515
1369,-75.197318,39.96214
1414,-75.220729,39.940497
1480,-75.230751,39.943489
1578,-75.230801,39.947103
1614,-75.239533,39.971353
1628,-75.194444,39.96242
1700,-75.222233,39.9489
1803,-75.245062,39.953744
1806,-75.227054,39.936418
1837,-75.128923,40.043576
2109,-75.22123,39.943586
2138,-75.215234,39.940364
2153,-75.126811,39.973061
2158,-75.225219,39.945046
2362,-75.227612,39.943354
2412,-75.225743,39.943916
2667,-75.231922,39.943947
2849,-75.246204,39.960252
4024,-75.239,39.9811
4140,-75.132953,39.969351
4169,-75.231783,39.942599
4806,-75.233765,39.953577
4882,-75.223692,39.942177
32,-75.15318,39.944831
35,-75.153022,39.944817
71,-75.152899,39.944748
46,-75.267257,39.975861
100,-75.266181,39.976124
33,-75.267257,39.975861
4450,-75.250384,39.975663
557,-75.195044,39.967098
40,-75.207358,40.023002
120,-75.207288,40.02236
69,-75.206804,40.023068
56,-75.170096,40.073049
98,-75.170084,40.074072
244,-75.197252,40.045889
93,-75.19748,40.045977
59,-75.238709,39.964184
134,-75.238667,39.964223
1208,-75.244181,39.958828
1498,-75.250667,39.938577
120,-75.16588,39.982347
260,-75.166211,39.98247
182,-75.171479,39.984437
231,-75.16593,39.982405
278,-75.165833,39.982493
187,-75.165726,39.982366
217,-75.204613,39.946337
167,-75.204673,39.946412
110,-75.204793,39.946256
169,-75.20453,39.94632
150,-75.204936,39.946412
1878,-75.119344,39.976825
1332,-75.119378,39.977119
728,-75.11922,39.977297
971,-75.11928,39.977358
1578,-75.118961,39.977819
112,-75.118942,39.977859
481,-75.118487,39.978585
670,-75.118474,39.978596
499,-75.118339,39.978345
1669,-75.118294,39.978374
2433,-75.117715,39.9778
1169,-75.118483,39.976686
1462,-75.119683,39.976399
711,-75.120196,39.978282
1031,-75.120327,39.978166
1011,-75.118762,39.978889
172,-75.119762,39.976856
1341,-75.119495,39.977199
117,-75.118815,39.979351
336,-75.118792,39.979189
114,-75.127671,39.971978
98,-75.127531,39.972029
77.33333333,-75.12799,39.97188
143,-75.12926,39.974111
150,-75.11815,39.977158
79,-75.1179,39.977218
